img_name,dog,,
1.dogcat,TRUE,.dogcat,1
10.dogcat,FALSE,.dogcat,10
11.dogcat,FALSE,.dogcat,11
100.dogcat,FALSE,.dogcat,100
101.dogcat,FALSE,.dogcat,101
102.dogcat,TRUE,.dogcat,102
103.dogcat,FALSE,.dogcat,103
104.dogcat,FALSE,.dogcat,104
105.dogcat,TRUE,.dogcat,105
106.dogcat,TRUE,.dogcat,106
107.dogcat,FALSE,.dogcat,107
108.dogcat,FALSE,.dogcat,108
109.dogcat,TRUE,.dogcat,109
110.dogcat,TRUE,.dogcat,110
111.dogcat,TRUE,.dogcat,111
112.dogcat,TRUE,.dogcat,112
113.dogcat,TRUE,.dogcat,113
114.dogcat,FALSE,.dogcat,114
115.dogcat,FALSE,.dogcat,115
116.dogcat,FALSE,.dogcat,116
1000.dogcat,TRUE,.dogcat,1000
1001.dogcat,FALSE,.dogcat,1001
1002.dogcat,TRUE,.dogcat,1002
1003.dogcat,TRUE,.dogcat,1003
1004.dogcat,TRUE,.dogcat,1004
1005.dogcat,FALSE,.dogcat,1005
1006.dogcat,TRUE,.dogcat,1006
1007.dogcat,TRUE,.dogcat,1007
1008.dogcat,FALSE,.dogcat,1008
1009.dogcat,TRUE,.dogcat,1009
1010.dogcat,TRUE,.dogcat,1010
1011.dogcat,FALSE,.dogcat,1011
1012.dogcat,TRUE,.dogcat,1012
1013.dogcat,FALSE,.dogcat,1013
1014.dogcat,TRUE,.dogcat,1014
1015.dogcat,FALSE,.dogcat,1015
1016.dogcat,FALSE,.dogcat,1016
1017.dogcat,FALSE,.dogcat,1017
1018.dogcat,TRUE,.dogcat,1018
1019.dogcat,TRUE,.dogcat,1019
1020.dogcat,FALSE,.dogcat,1020
1021.dogcat,FALSE,.dogcat,1021
1022.dogcat,FALSE,.dogcat,1022
1023.dogcat,FALSE,.dogcat,1023
1024.dogcat,FALSE,.dogcat,1024
1025.dogcat,FALSE,.dogcat,1025
1026.dogcat,FALSE,.dogcat,1026
1027.dogcat,FALSE,.dogcat,1027
1028.dogcat,FALSE,.dogcat,1028
1029.dogcat,FALSE,.dogcat,1029
1030.dogcat,FALSE,.dogcat,1030
1031.dogcat,FALSE,.dogcat,1031
1032.dogcat,TRUE,.dogcat,1032
1033.dogcat,TRUE,.dogcat,1033
1034.dogcat,TRUE,.dogcat,1034
1035.dogcat,FALSE,.dogcat,1035
1036.dogcat,TRUE,.dogcat,1036
1037.dogcat,TRUE,.dogcat,1037
1038.dogcat,TRUE,.dogcat,1038
1039.dogcat,FALSE,.dogcat,1039
1040.dogcat,TRUE,.dogcat,1040
1041.dogcat,FALSE,.dogcat,1041
1042.dogcat,TRUE,.dogcat,1042
1043.dogcat,FALSE,.dogcat,1043
1044.dogcat,TRUE,.dogcat,1044
1045.dogcat,FALSE,.dogcat,1045
1046.dogcat,FALSE,.dogcat,1046
1047.dogcat,FALSE,.dogcat,1047
1048.dogcat,TRUE,.dogcat,1048
1049.dogcat,FALSE,.dogcat,1049
1050.dogcat,FALSE,.dogcat,1050
1051.dogcat,FALSE,.dogcat,1051
1052.dogcat,TRUE,.dogcat,1052
1053.dogcat,TRUE,.dogcat,1053
1054.dogcat,TRUE,.dogcat,1054
1055.dogcat,TRUE,.dogcat,1055
1056.dogcat,TRUE,.dogcat,1056
1057.dogcat,TRUE,.dogcat,1057
1058.dogcat,TRUE,.dogcat,1058
1059.dogcat,TRUE,.dogcat,1059
1060.dogcat,FALSE,.dogcat,1060
1061.dogcat,FALSE,.dogcat,1061
1062.dogcat,FALSE,.dogcat,1062
1063.dogcat,FALSE,.dogcat,1063
1064.dogcat,FALSE,.dogcat,1064
1065.dogcat,FALSE,.dogcat,1065
1066.dogcat,TRUE,.dogcat,1066
1067.dogcat,TRUE,.dogcat,1067
1068.dogcat,TRUE,.dogcat,1068
1069.dogcat,FALSE,.dogcat,1069
1070.dogcat,TRUE,.dogcat,1070
1071.dogcat,FALSE,.dogcat,1071
1072.dogcat,TRUE,.dogcat,1072
1073.dogcat,FALSE,.dogcat,1073
1074.dogcat,TRUE,.dogcat,1074
1075.dogcat,TRUE,.dogcat,1075
1076.dogcat,FALSE,.dogcat,1076
1077.dogcat,TRUE,.dogcat,1077
1078.dogcat,FALSE,.dogcat,1078
1079.dogcat,TRUE,.dogcat,1079
1080.dogcat,TRUE,.dogcat,1080
1081.dogcat,TRUE,.dogcat,1081
1082.dogcat,TRUE,.dogcat,1082
1083.dogcat,TRUE,.dogcat,1083
1084.dogcat,FALSE,.dogcat,1084
1085.dogcat,FALSE,.dogcat,1085
1086.dogcat,TRUE,.dogcat,1086
1087.dogcat,TRUE,.dogcat,1087
1088.dogcat,FALSE,.dogcat,1088
1089.dogcat,TRUE,.dogcat,1089
1090.dogcat,FALSE,.dogcat,1090
1091.dogcat,TRUE,.dogcat,1091
1092.dogcat,FALSE,.dogcat,1092
1093.dogcat,TRUE,.dogcat,1093
1094.dogcat,TRUE,.dogcat,1094
1095.dogcat,TRUE,.dogcat,1095
1096.dogcat,TRUE,.dogcat,1096
1097.dogcat,FALSE,.dogcat,1097
1098.dogcat,FALSE,.dogcat,1098
1099.dogcat,FALSE,.dogcat,1099
1100.dogcat,TRUE,.dogcat,1100
1101.dogcat,TRUE,.dogcat,1101
1102.dogcat,FALSE,.dogcat,1102
1103.dogcat,FALSE,.dogcat,1103
1104.dogcat,FALSE,.dogcat,1104
1105.dogcat,TRUE,.dogcat,1105
1106.dogcat,TRUE,.dogcat,1106
1107.dogcat,FALSE,.dogcat,1107
1108.dogcat,TRUE,.dogcat,1108
1109.dogcat,FALSE,.dogcat,1109
1110.dogcat,FALSE,.dogcat,1110
1111.dogcat,FALSE,.dogcat,1111
1112.dogcat,FALSE,.dogcat,1112
1113.dogcat,FALSE,.dogcat,1113
1114.dogcat,TRUE,.dogcat,1114
1115.dogcat,TRUE,.dogcat,1115
1116.dogcat,TRUE,.dogcat,1116
1117.dogcat,FALSE,.dogcat,1117
1118.dogcat,FALSE,.dogcat,1118
1119.dogcat,FALSE,.dogcat,1119
1120.dogcat,FALSE,.dogcat,1120
1121.dogcat,TRUE,.dogcat,1121
1122.dogcat,TRUE,.dogcat,1122
1123.dogcat,FALSE,.dogcat,1123
1124.dogcat,FALSE,.dogcat,1124
1125.dogcat,FALSE,.dogcat,1125
1126.dogcat,FALSE,.dogcat,1126
1127.dogcat,FALSE,.dogcat,1127
1128.dogcat,FALSE,.dogcat,1128
1129.dogcat,TRUE,.dogcat,1129
1130.dogcat,TRUE,.dogcat,1130
1131.dogcat,TRUE,.dogcat,1131
1132.dogcat,FALSE,.dogcat,1132
1133.dogcat,FALSE,.dogcat,1133
1134.dogcat,FALSE,.dogcat,1134
1135.dogcat,FALSE,.dogcat,1135
1136.dogcat,TRUE,.dogcat,1136
1137.dogcat,FALSE,.dogcat,1137
1138.dogcat,FALSE,.dogcat,1138
1139.dogcat,FALSE,.dogcat,1139
1140.dogcat,FALSE,.dogcat,1140
1141.dogcat,FALSE,.dogcat,1141
1142.dogcat,FALSE,.dogcat,1142
1143.dogcat,FALSE,.dogcat,1143
1144.dogcat,TRUE,.dogcat,1144
1145.dogcat,TRUE,.dogcat,1145
1146.dogcat,TRUE,.dogcat,1146
1147.dogcat,TRUE,.dogcat,1147
1148.dogcat,FALSE,.dogcat,1148
1149.dogcat,TRUE,.dogcat,1149
1150.dogcat,FALSE,.dogcat,1150
1151.dogcat,TRUE,.dogcat,1151
1152.dogcat,FALSE,.dogcat,1152
1153.dogcat,FALSE,.dogcat,1153
1154.dogcat,TRUE,.dogcat,1154
1155.dogcat,TRUE,.dogcat,1155
1156.dogcat,FALSE,.dogcat,1156
1157.dogcat,TRUE,.dogcat,1157
1158.dogcat,TRUE,.dogcat,1158
1159.dogcat,FALSE,.dogcat,1159
1160.dogcat,FALSE,.dogcat,1160
10000.dogcat,TRUE,.dogcat,10000
10001.dogcat,FALSE,.dogcat,10001
10002.dogcat,FALSE,.dogcat,10002
10003.dogcat,TRUE,.dogcat,10003
10004.dogcat,TRUE,.dogcat,10004
10005.dogcat,FALSE,.dogcat,10005
10006.dogcat,FALSE,.dogcat,10006
10007.dogcat,FALSE,.dogcat,10007
10008.dogcat,FALSE,.dogcat,10008
10009.dogcat,FALSE,.dogcat,10009
10010.dogcat,TRUE,.dogcat,10010
10011.dogcat,TRUE,.dogcat,10011
10012.dogcat,FALSE,.dogcat,10012
10013.dogcat,FALSE,.dogcat,10013
10014.dogcat,FALSE,.dogcat,10014
10015.dogcat,TRUE,.dogcat,10015
10016.dogcat,FALSE,.dogcat,10016
10017.dogcat,FALSE,.dogcat,10017
10018.dogcat,FALSE,.dogcat,10018
10019.dogcat,FALSE,.dogcat,10019
10020.dogcat,FALSE,.dogcat,10020
10021.dogcat,FALSE,.dogcat,10021
10022.dogcat,TRUE,.dogcat,10022
10023.dogcat,TRUE,.dogcat,10023
10024.dogcat,TRUE,.dogcat,10024
10025.dogcat,TRUE,.dogcat,10025
10026.dogcat,TRUE,.dogcat,10026
10027.dogcat,TRUE,.dogcat,10027
10028.dogcat,FALSE,.dogcat,10028
10029.dogcat,TRUE,.dogcat,10029
10030.dogcat,TRUE,.dogcat,10030
10031.dogcat,FALSE,.dogcat,10031
10032.dogcat,FALSE,.dogcat,10032
10033.dogcat,FALSE,.dogcat,10033
10034.dogcat,TRUE,.dogcat,10034
10035.dogcat,TRUE,.dogcat,10035
10036.dogcat,TRUE,.dogcat,10036
10037.dogcat,FALSE,.dogcat,10037
10038.dogcat,TRUE,.dogcat,10038
10039.dogcat,TRUE,.dogcat,10039
10040.dogcat,FALSE,.dogcat,10040
10041.dogcat,TRUE,.dogcat,10041
10042.dogcat,TRUE,.dogcat,10042
10043.dogcat,TRUE,.dogcat,10043
10044.dogcat,FALSE,.dogcat,10044
10045.dogcat,TRUE,.dogcat,10045
10046.dogcat,TRUE,.dogcat,10046
10047.dogcat,TRUE,.dogcat,10047
10048.dogcat,TRUE,.dogcat,10048
10049.dogcat,FALSE,.dogcat,10049
10050.dogcat,FALSE,.dogcat,10050
10051.dogcat,FALSE,.dogcat,10051
10052.dogcat,FALSE,.dogcat,10052
10053.dogcat,TRUE,.dogcat,10053
10054.dogcat,FALSE,.dogcat,10054
10055.dogcat,FALSE,.dogcat,10055
10056.dogcat,TRUE,.dogcat,10056
10057.dogcat,FALSE,.dogcat,10057
10058.dogcat,TRUE,.dogcat,10058
10059.dogcat,TRUE,.dogcat,10059
10060.dogcat,TRUE,.dogcat,10060
10061.dogcat,FALSE,.dogcat,10061
10062.dogcat,FALSE,.dogcat,10062
10063.dogcat,TRUE,.dogcat,10063
10064.dogcat,TRUE,.dogcat,10064
10065.dogcat,FALSE,.dogcat,10065
10066.dogcat,FALSE,.dogcat,10066
10067.dogcat,FALSE,.dogcat,10067
10068.dogcat,FALSE,.dogcat,10068
10069.dogcat,FALSE,.dogcat,10069
10070.dogcat,TRUE,.dogcat,10070
10071.dogcat,FALSE,.dogcat,10071
10072.dogcat,FALSE,.dogcat,10072
10073.dogcat,TRUE,.dogcat,10073
10074.dogcat,FALSE,.dogcat,10074
10075.dogcat,FALSE,.dogcat,10075
10076.dogcat,FALSE,.dogcat,10076
10077.dogcat,FALSE,.dogcat,10077
10078.dogcat,TRUE,.dogcat,10078
10079.dogcat,FALSE,.dogcat,10079
10080.dogcat,TRUE,.dogcat,10080
10081.dogcat,FALSE,.dogcat,10081
10082.dogcat,FALSE,.dogcat,10082
10083.dogcat,FALSE,.dogcat,10083
10084.dogcat,TRUE,.dogcat,10084
10085.dogcat,TRUE,.dogcat,10085
10086.dogcat,TRUE,.dogcat,10086
10087.dogcat,TRUE,.dogcat,10087
10088.dogcat,FALSE,.dogcat,10088
10089.dogcat,FALSE,.dogcat,10089
10090.dogcat,FALSE,.dogcat,10090
10091.dogcat,FALSE,.dogcat,10091
10092.dogcat,TRUE,.dogcat,10092
10093.dogcat,FALSE,.dogcat,10093
10094.dogcat,TRUE,.dogcat,10094
10095.dogcat,FALSE,.dogcat,10095
10096.dogcat,TRUE,.dogcat,10096
10097.dogcat,TRUE,.dogcat,10097
10098.dogcat,TRUE,.dogcat,10098
10099.dogcat,FALSE,.dogcat,10099
10100.dogcat,TRUE,.dogcat,10100
10101.dogcat,TRUE,.dogcat,10101
10102.dogcat,FALSE,.dogcat,10102
10103.dogcat,FALSE,.dogcat,10103
10104.dogcat,TRUE,.dogcat,10104
10105.dogcat,TRUE,.dogcat,10105
10106.dogcat,FALSE,.dogcat,10106
10107.dogcat,FALSE,.dogcat,10107
10108.dogcat,TRUE,.dogcat,10108
10109.dogcat,FALSE,.dogcat,10109
10110.dogcat,TRUE,.dogcat,10110
10111.dogcat,FALSE,.dogcat,10111
10112.dogcat,FALSE,.dogcat,10112
10113.dogcat,TRUE,.dogcat,10113
10114.dogcat,FALSE,.dogcat,10114
10115.dogcat,FALSE,.dogcat,10115
10116.dogcat,TRUE,.dogcat,10116
10117.dogcat,FALSE,.dogcat,10117
10118.dogcat,FALSE,.dogcat,10118
10119.dogcat,TRUE,.dogcat,10119
10120.dogcat,FALSE,.dogcat,10120
10121.dogcat,FALSE,.dogcat,10121
10122.dogcat,FALSE,.dogcat,10122
10123.dogcat,FALSE,.dogcat,10123
10124.dogcat,TRUE,.dogcat,10124
10125.dogcat,FALSE,.dogcat,10125
10126.dogcat,FALSE,.dogcat,10126
10127.dogcat,TRUE,.dogcat,10127
10128.dogcat,FALSE,.dogcat,10128
10129.dogcat,TRUE,.dogcat,10129
10130.dogcat,FALSE,.dogcat,10130
10131.dogcat,TRUE,.dogcat,10131
10132.dogcat,FALSE,.dogcat,10132
10133.dogcat,FALSE,.dogcat,10133
10134.dogcat,TRUE,.dogcat,10134
10135.dogcat,TRUE,.dogcat,10135
10136.dogcat,TRUE,.dogcat,10136
10137.dogcat,FALSE,.dogcat,10137
10138.dogcat,TRUE,.dogcat,10138
10139.dogcat,TRUE,.dogcat,10139
10140.dogcat,TRUE,.dogcat,10140
10141.dogcat,TRUE,.dogcat,10141
10142.dogcat,TRUE,.dogcat,10142
10143.dogcat,TRUE,.dogcat,10143
10144.dogcat,TRUE,.dogcat,10144
10145.dogcat,FALSE,.dogcat,10145
10146.dogcat,TRUE,.dogcat,10146
10147.dogcat,TRUE,.dogcat,10147
10148.dogcat,TRUE,.dogcat,10148
10149.dogcat,FALSE,.dogcat,10149
10150.dogcat,FALSE,.dogcat,10150
10151.dogcat,FALSE,.dogcat,10151
10152.dogcat,FALSE,.dogcat,10152
10153.dogcat,TRUE,.dogcat,10153
10154.dogcat,FALSE,.dogcat,10154
10155.dogcat,TRUE,.dogcat,10155
10156.dogcat,FALSE,.dogcat,10156
10157.dogcat,FALSE,.dogcat,10157
10158.dogcat,FALSE,.dogcat,10158
10159.dogcat,TRUE,.dogcat,10159
10160.dogcat,FALSE,.dogcat,10160
10161.dogcat,FALSE,.dogcat,10161
10162.dogcat,TRUE,.dogcat,10162
10163.dogcat,TRUE,.dogcat,10163
10164.dogcat,TRUE,.dogcat,10164
10165.dogcat,TRUE,.dogcat,10165
10166.dogcat,TRUE,.dogcat,10166
10167.dogcat,TRUE,.dogcat,10167
10168.dogcat,TRUE,.dogcat,10168
10169.dogcat,TRUE,.dogcat,10169
10170.dogcat,FALSE,.dogcat,10170
10171.dogcat,FALSE,.dogcat,10171
10172.dogcat,TRUE,.dogcat,10172
10173.dogcat,FALSE,.dogcat,10173
10174.dogcat,FALSE,.dogcat,10174
10175.dogcat,FALSE,.dogcat,10175
10176.dogcat,TRUE,.dogcat,10176
10177.dogcat,TRUE,.dogcat,10177
10178.dogcat,FALSE,.dogcat,10178
10179.dogcat,TRUE,.dogcat,10179
10180.dogcat,FALSE,.dogcat,10180
10181.dogcat,TRUE,.dogcat,10181
10182.dogcat,FALSE,.dogcat,10182
10183.dogcat,FALSE,.dogcat,10183
10184.dogcat,FALSE,.dogcat,10184
10185.dogcat,TRUE,.dogcat,10185
10186.dogcat,TRUE,.dogcat,10186
10187.dogcat,TRUE,.dogcat,10187
10188.dogcat,FALSE,.dogcat,10188
10189.dogcat,TRUE,.dogcat,10189
10190.dogcat,TRUE,.dogcat,10190
10191.dogcat,TRUE,.dogcat,10191
10192.dogcat,TRUE,.dogcat,10192
10193.dogcat,FALSE,.dogcat,10193
10194.dogcat,FALSE,.dogcat,10194
10195.dogcat,TRUE,.dogcat,10195
10196.dogcat,TRUE,.dogcat,10196
10197.dogcat,TRUE,.dogcat,10197
10198.dogcat,FALSE,.dogcat,10198
10199.dogcat,FALSE,.dogcat,10199
10200.dogcat,FALSE,.dogcat,10200
10201.dogcat,FALSE,.dogcat,10201
10202.dogcat,TRUE,.dogcat,10202
10203.dogcat,TRUE,.dogcat,10203
10204.dogcat,FALSE,.dogcat,10204
10205.dogcat,FALSE,.dogcat,10205
10206.dogcat,FALSE,.dogcat,10206
10207.dogcat,TRUE,.dogcat,10207
10208.dogcat,TRUE,.dogcat,10208
10209.dogcat,TRUE,.dogcat,10209
10210.dogcat,FALSE,.dogcat,10210
10211.dogcat,FALSE,.dogcat,10211
10212.dogcat,FALSE,.dogcat,10212
10213.dogcat,TRUE,.dogcat,10213
10214.dogcat,TRUE,.dogcat,10214
10215.dogcat,FALSE,.dogcat,10215
10216.dogcat,TRUE,.dogcat,10216
10217.dogcat,TRUE,.dogcat,10217
10218.dogcat,FALSE,.dogcat,10218
10219.dogcat,FALSE,.dogcat,10219
10220.dogcat,TRUE,.dogcat,10220
10221.dogcat,TRUE,.dogcat,10221
10222.dogcat,TRUE,.dogcat,10222
10223.dogcat,FALSE,.dogcat,10223
10224.dogcat,FALSE,.dogcat,10224
10225.dogcat,FALSE,.dogcat,10225
10226.dogcat,FALSE,.dogcat,10226
10227.dogcat,FALSE,.dogcat,10227
10228.dogcat,FALSE,.dogcat,10228
10229.dogcat,FALSE,.dogcat,10229
10230.dogcat,FALSE,.dogcat,10230
10231.dogcat,TRUE,.dogcat,10231
10232.dogcat,TRUE,.dogcat,10232
10233.dogcat,TRUE,.dogcat,10233
10234.dogcat,FALSE,.dogcat,10234
10235.dogcat,FALSE,.dogcat,10235
10236.dogcat,FALSE,.dogcat,10236
10237.dogcat,FALSE,.dogcat,10237
10238.dogcat,TRUE,.dogcat,10238
10239.dogcat,FALSE,.dogcat,10239
10240.dogcat,FALSE,.dogcat,10240
10241.dogcat,TRUE,.dogcat,10241
10242.dogcat,TRUE,.dogcat,10242
10243.dogcat,TRUE,.dogcat,10243
10244.dogcat,TRUE,.dogcat,10244
10245.dogcat,TRUE,.dogcat,10245
10246.dogcat,TRUE,.dogcat,10246
10247.dogcat,TRUE,.dogcat,10247
10248.dogcat,FALSE,.dogcat,10248
10249.dogcat,TRUE,.dogcat,10249
10250.dogcat,FALSE,.dogcat,10250
10251.dogcat,TRUE,.dogcat,10251
10252.dogcat,FALSE,.dogcat,10252
10253.dogcat,TRUE,.dogcat,10253
10254.dogcat,TRUE,.dogcat,10254
10255.dogcat,TRUE,.dogcat,10255
10256.dogcat,TRUE,.dogcat,10256
10257.dogcat,FALSE,.dogcat,10257
10258.dogcat,TRUE,.dogcat,10258
10259.dogcat,TRUE,.dogcat,10259
10260.dogcat,FALSE,.dogcat,10260
10261.dogcat,TRUE,.dogcat,10261
10262.dogcat,TRUE,.dogcat,10262
10263.dogcat,TRUE,.dogcat,10263
10264.dogcat,FALSE,.dogcat,10264
10265.dogcat,FALSE,.dogcat,10265
10266.dogcat,FALSE,.dogcat,10266
10267.dogcat,FALSE,.dogcat,10267
10268.dogcat,TRUE,.dogcat,10268
10269.dogcat,TRUE,.dogcat,10269
10270.dogcat,FALSE,.dogcat,10270
10271.dogcat,TRUE,.dogcat,10271
10272.dogcat,FALSE,.dogcat,10272
10273.dogcat,FALSE,.dogcat,10273
10274.dogcat,FALSE,.dogcat,10274
10275.dogcat,TRUE,.dogcat,10275
10276.dogcat,FALSE,.dogcat,10276
10277.dogcat,TRUE,.dogcat,10277
10278.dogcat,FALSE,.dogcat,10278
10279.dogcat,TRUE,.dogcat,10279
10280.dogcat,TRUE,.dogcat,10280
10281.dogcat,TRUE,.dogcat,10281
10282.dogcat,TRUE,.dogcat,10282
10283.dogcat,TRUE,.dogcat,10283
10284.dogcat,TRUE,.dogcat,10284
10285.dogcat,TRUE,.dogcat,10285
10286.dogcat,FALSE,.dogcat,10286
10287.dogcat,FALSE,.dogcat,10287
10288.dogcat,FALSE,.dogcat,10288
10289.dogcat,FALSE,.dogcat,10289
10290.dogcat,TRUE,.dogcat,10290
10291.dogcat,FALSE,.dogcat,10291
10292.dogcat,TRUE,.dogcat,10292
10293.dogcat,FALSE,.dogcat,10293
10294.dogcat,FALSE,.dogcat,10294
10295.dogcat,FALSE,.dogcat,10295
10296.dogcat,FALSE,.dogcat,10296
10297.dogcat,TRUE,.dogcat,10297
10298.dogcat,TRUE,.dogcat,10298
10299.dogcat,FALSE,.dogcat,10299
10300.dogcat,TRUE,.dogcat,10300
10301.dogcat,FALSE,.dogcat,10301
10302.dogcat,TRUE,.dogcat,10302
10303.dogcat,FALSE,.dogcat,10303
10304.dogcat,TRUE,.dogcat,10304
10305.dogcat,TRUE,.dogcat,10305
10306.dogcat,TRUE,.dogcat,10306
10307.dogcat,TRUE,.dogcat,10307
10308.dogcat,FALSE,.dogcat,10308
10309.dogcat,FALSE,.dogcat,10309
10310.dogcat,FALSE,.dogcat,10310
10311.dogcat,FALSE,.dogcat,10311
10312.dogcat,FALSE,.dogcat,10312
10313.dogcat,TRUE,.dogcat,10313
10314.dogcat,FALSE,.dogcat,10314
10315.dogcat,TRUE,.dogcat,10315
10316.dogcat,TRUE,.dogcat,10316
10317.dogcat,TRUE,.dogcat,10317
10318.dogcat,FALSE,.dogcat,10318
10319.dogcat,TRUE,.dogcat,10319
10320.dogcat,TRUE,.dogcat,10320
10321.dogcat,TRUE,.dogcat,10321
10322.dogcat,TRUE,.dogcat,10322
10323.dogcat,TRUE,.dogcat,10323
10324.dogcat,TRUE,.dogcat,10324
10325.dogcat,FALSE,.dogcat,10325
10326.dogcat,TRUE,.dogcat,10326
10327.dogcat,TRUE,.dogcat,10327
10328.dogcat,FALSE,.dogcat,10328
10329.dogcat,TRUE,.dogcat,10329
10330.dogcat,FALSE,.dogcat,10330
10331.dogcat,FALSE,.dogcat,10331
10332.dogcat,TRUE,.dogcat,10332
10333.dogcat,FALSE,.dogcat,10333
10334.dogcat,FALSE,.dogcat,10334
10335.dogcat,TRUE,.dogcat,10335
10336.dogcat,FALSE,.dogcat,10336
10337.dogcat,FALSE,.dogcat,10337
10338.dogcat,FALSE,.dogcat,10338
10339.dogcat,TRUE,.dogcat,10339
10340.dogcat,FALSE,.dogcat,10340
10341.dogcat,FALSE,.dogcat,10341
10342.dogcat,TRUE,.dogcat,10342
10343.dogcat,FALSE,.dogcat,10343
10344.dogcat,TRUE,.dogcat,10344
10345.dogcat,TRUE,.dogcat,10345
10346.dogcat,FALSE,.dogcat,10346
10347.dogcat,FALSE,.dogcat,10347
10348.dogcat,TRUE,.dogcat,10348
10349.dogcat,TRUE,.dogcat,10349
10350.dogcat,TRUE,.dogcat,10350
10351.dogcat,FALSE,.dogcat,10351
10352.dogcat,TRUE,.dogcat,10352
10353.dogcat,FALSE,.dogcat,10353
10354.dogcat,TRUE,.dogcat,10354
10355.dogcat,TRUE,.dogcat,10355
10356.dogcat,FALSE,.dogcat,10356
10357.dogcat,TRUE,.dogcat,10357
10358.dogcat,FALSE,.dogcat,10358
10359.dogcat,TRUE,.dogcat,10359
10360.dogcat,FALSE,.dogcat,10360
10361.dogcat,FALSE,.dogcat,10361
10362.dogcat,FALSE,.dogcat,10362
10363.dogcat,FALSE,.dogcat,10363
10364.dogcat,TRUE,.dogcat,10364
10365.dogcat,FALSE,.dogcat,10365
10366.dogcat,TRUE,.dogcat,10366
10367.dogcat,TRUE,.dogcat,10367
10368.dogcat,TRUE,.dogcat,10368
10369.dogcat,FALSE,.dogcat,10369
10370.dogcat,TRUE,.dogcat,10370
10371.dogcat,FALSE,.dogcat,10371
10372.dogcat,TRUE,.dogcat,10372
10373.dogcat,FALSE,.dogcat,10373
10374.dogcat,TRUE,.dogcat,10374
10375.dogcat,FALSE,.dogcat,10375
10376.dogcat,FALSE,.dogcat,10376
10377.dogcat,FALSE,.dogcat,10377
10378.dogcat,FALSE,.dogcat,10378
10379.dogcat,TRUE,.dogcat,10379
10380.dogcat,TRUE,.dogcat,10380
10381.dogcat,FALSE,.dogcat,10381
10382.dogcat,FALSE,.dogcat,10382
10383.dogcat,FALSE,.dogcat,10383
10384.dogcat,TRUE,.dogcat,10384
10385.dogcat,TRUE,.dogcat,10385
10386.dogcat,FALSE,.dogcat,10386
10387.dogcat,TRUE,.dogcat,10387
10388.dogcat,FALSE,.dogcat,10388
10389.dogcat,FALSE,.dogcat,10389
10390.dogcat,TRUE,.dogcat,10390
10391.dogcat,FALSE,.dogcat,10391
10392.dogcat,FALSE,.dogcat,10392
10393.dogcat,FALSE,.dogcat,10393
10394.dogcat,FALSE,.dogcat,10394
10395.dogcat,TRUE,.dogcat,10395
10396.dogcat,TRUE,.dogcat,10396
10397.dogcat,FALSE,.dogcat,10397
10398.dogcat,FALSE,.dogcat,10398
10399.dogcat,TRUE,.dogcat,10399
10400.dogcat,TRUE,.dogcat,10400
10401.dogcat,FALSE,.dogcat,10401
10402.dogcat,FALSE,.dogcat,10402
10403.dogcat,TRUE,.dogcat,10403
10404.dogcat,FALSE,.dogcat,10404
10405.dogcat,FALSE,.dogcat,10405
10406.dogcat,TRUE,.dogcat,10406
10407.dogcat,FALSE,.dogcat,10407
10408.dogcat,FALSE,.dogcat,10408
10409.dogcat,TRUE,.dogcat,10409
10410.dogcat,FALSE,.dogcat,10410
10411.dogcat,FALSE,.dogcat,10411
10412.dogcat,FALSE,.dogcat,10412
10413.dogcat,FALSE,.dogcat,10413
10414.dogcat,TRUE,.dogcat,10414
10415.dogcat,TRUE,.dogcat,10415
10416.dogcat,FALSE,.dogcat,10416
10417.dogcat,FALSE,.dogcat,10417
10418.dogcat,FALSE,.dogcat,10418
10419.dogcat,TRUE,.dogcat,10419
10420.dogcat,TRUE,.dogcat,10420
10421.dogcat,TRUE,.dogcat,10421
10422.dogcat,TRUE,.dogcat,10422
10423.dogcat,FALSE,.dogcat,10423
10424.dogcat,FALSE,.dogcat,10424
10425.dogcat,TRUE,.dogcat,10425
10426.dogcat,FALSE,.dogcat,10426
10427.dogcat,TRUE,.dogcat,10427
10428.dogcat,TRUE,.dogcat,10428
10429.dogcat,TRUE,.dogcat,10429
10430.dogcat,FALSE,.dogcat,10430
10431.dogcat,FALSE,.dogcat,10431
10432.dogcat,TRUE,.dogcat,10432
10433.dogcat,TRUE,.dogcat,10433
10434.dogcat,TRUE,.dogcat,10434
10435.dogcat,FALSE,.dogcat,10435
10436.dogcat,TRUE,.dogcat,10436
10437.dogcat,FALSE,.dogcat,10437
10438.dogcat,TRUE,.dogcat,10438
10439.dogcat,FALSE,.dogcat,10439
10440.dogcat,FALSE,.dogcat,10440
10441.dogcat,FALSE,.dogcat,10441
10442.dogcat,TRUE,.dogcat,10442
10443.dogcat,TRUE,.dogcat,10443
10444.dogcat,TRUE,.dogcat,10444
10445.dogcat,TRUE,.dogcat,10445
10446.dogcat,TRUE,.dogcat,10446
10447.dogcat,TRUE,.dogcat,10447
10448.dogcat,TRUE,.dogcat,10448
10449.dogcat,TRUE,.dogcat,10449
10450.dogcat,FALSE,.dogcat,10450
10451.dogcat,FALSE,.dogcat,10451
10452.dogcat,FALSE,.dogcat,10452
10453.dogcat,TRUE,.dogcat,10453
10454.dogcat,FALSE,.dogcat,10454
10455.dogcat,FALSE,.dogcat,10455
10456.dogcat,TRUE,.dogcat,10456
10457.dogcat,FALSE,.dogcat,10457
10458.dogcat,TRUE,.dogcat,10458
10459.dogcat,FALSE,.dogcat,10459
10460.dogcat,FALSE,.dogcat,10460
10461.dogcat,FALSE,.dogcat,10461
10462.dogcat,TRUE,.dogcat,10462
10463.dogcat,FALSE,.dogcat,10463
10464.dogcat,TRUE,.dogcat,10464
10465.dogcat,TRUE,.dogcat,10465
10466.dogcat,TRUE,.dogcat,10466
10467.dogcat,FALSE,.dogcat,10467
10468.dogcat,FALSE,.dogcat,10468
10469.dogcat,FALSE,.dogcat,10469
10470.dogcat,FALSE,.dogcat,10470
10471.dogcat,FALSE,.dogcat,10471
10472.dogcat,FALSE,.dogcat,10472
10473.dogcat,TRUE,.dogcat,10473
10474.dogcat,TRUE,.dogcat,10474
10475.dogcat,FALSE,.dogcat,10475
10476.dogcat,TRUE,.dogcat,10476
10477.dogcat,FALSE,.dogcat,10477
10478.dogcat,TRUE,.dogcat,10478
10479.dogcat,TRUE,.dogcat,10479
10480.dogcat,FALSE,.dogcat,10480
10481.dogcat,FALSE,.dogcat,10481
10482.dogcat,FALSE,.dogcat,10482
10483.dogcat,FALSE,.dogcat,10483
10484.dogcat,TRUE,.dogcat,10484
10485.dogcat,TRUE,.dogcat,10485
10486.dogcat,FALSE,.dogcat,10486
10487.dogcat,TRUE,.dogcat,10487
10488.dogcat,TRUE,.dogcat,10488
10489.dogcat,FALSE,.dogcat,10489
10490.dogcat,TRUE,.dogcat,10490
10491.dogcat,FALSE,.dogcat,10491
10492.dogcat,TRUE,.dogcat,10492
10493.dogcat,FALSE,.dogcat,10493
10494.dogcat,TRUE,.dogcat,10494
10495.dogcat,FALSE,.dogcat,10495
10496.dogcat,TRUE,.dogcat,10496
10497.dogcat,TRUE,.dogcat,10497
10498.dogcat,FALSE,.dogcat,10498
10499.dogcat,TRUE,.dogcat,10499
10500.dogcat,TRUE,.dogcat,10500
10501.dogcat,TRUE,.dogcat,10501
10502.dogcat,TRUE,.dogcat,10502
10503.dogcat,FALSE,.dogcat,10503
10504.dogcat,TRUE,.dogcat,10504
10505.dogcat,TRUE,.dogcat,10505
10506.dogcat,FALSE,.dogcat,10506
10507.dogcat,FALSE,.dogcat,10507
10508.dogcat,FALSE,.dogcat,10508
10509.dogcat,TRUE,.dogcat,10509
10510.dogcat,FALSE,.dogcat,10510
10511.dogcat,FALSE,.dogcat,10511
10512.dogcat,FALSE,.dogcat,10512
10513.dogcat,FALSE,.dogcat,10513
10514.dogcat,TRUE,.dogcat,10514
10515.dogcat,FALSE,.dogcat,10515
10516.dogcat,TRUE,.dogcat,10516
10517.dogcat,TRUE,.dogcat,10517
10518.dogcat,TRUE,.dogcat,10518
10519.dogcat,FALSE,.dogcat,10519
10520.dogcat,TRUE,.dogcat,10520
10521.dogcat,FALSE,.dogcat,10521
10522.dogcat,TRUE,.dogcat,10522
10523.dogcat,TRUE,.dogcat,10523
10524.dogcat,TRUE,.dogcat,10524
10525.dogcat,TRUE,.dogcat,10525
10526.dogcat,TRUE,.dogcat,10526
10527.dogcat,FALSE,.dogcat,10527
10528.dogcat,FALSE,.dogcat,10528
10529.dogcat,FALSE,.dogcat,10529
10530.dogcat,FALSE,.dogcat,10530
10531.dogcat,TRUE,.dogcat,10531
10532.dogcat,FALSE,.dogcat,10532
10533.dogcat,FALSE,.dogcat,10533
10534.dogcat,TRUE,.dogcat,10534
10535.dogcat,FALSE,.dogcat,10535
10536.dogcat,FALSE,.dogcat,10536
10537.dogcat,TRUE,.dogcat,10537
10538.dogcat,FALSE,.dogcat,10538
10539.dogcat,FALSE,.dogcat,10539
10540.dogcat,TRUE,.dogcat,10540
10541.dogcat,TRUE,.dogcat,10541
10542.dogcat,TRUE,.dogcat,10542
10543.dogcat,FALSE,.dogcat,10543
10544.dogcat,FALSE,.dogcat,10544
10545.dogcat,FALSE,.dogcat,10545
10546.dogcat,FALSE,.dogcat,10546
10547.dogcat,TRUE,.dogcat,10547
10548.dogcat,TRUE,.dogcat,10548
10549.dogcat,FALSE,.dogcat,10549
10550.dogcat,TRUE,.dogcat,10550
10551.dogcat,TRUE,.dogcat,10551
10552.dogcat,FALSE,.dogcat,10552
10553.dogcat,FALSE,.dogcat,10553
10554.dogcat,TRUE,.dogcat,10554
10555.dogcat,FALSE,.dogcat,10555
10556.dogcat,TRUE,.dogcat,10556
10557.dogcat,FALSE,.dogcat,10557
10558.dogcat,TRUE,.dogcat,10558
10559.dogcat,TRUE,.dogcat,10559
10560.dogcat,FALSE,.dogcat,10560
10561.dogcat,TRUE,.dogcat,10561
10562.dogcat,TRUE,.dogcat,10562
10563.dogcat,TRUE,.dogcat,10563
10564.dogcat,TRUE,.dogcat,10564
10565.dogcat,TRUE,.dogcat,10565
10566.dogcat,TRUE,.dogcat,10566
10567.dogcat,TRUE,.dogcat,10567
10568.dogcat,TRUE,.dogcat,10568
10569.dogcat,TRUE,.dogcat,10569
10570.dogcat,TRUE,.dogcat,10570
10571.dogcat,TRUE,.dogcat,10571
10572.dogcat,FALSE,.dogcat,10572
10573.dogcat,FALSE,.dogcat,10573
10574.dogcat,TRUE,.dogcat,10574
10575.dogcat,FALSE,.dogcat,10575
10576.dogcat,FALSE,.dogcat,10576
10577.dogcat,FALSE,.dogcat,10577
10578.dogcat,TRUE,.dogcat,10578
10579.dogcat,TRUE,.dogcat,10579
10580.dogcat,TRUE,.dogcat,10580
10581.dogcat,TRUE,.dogcat,10581
10582.dogcat,FALSE,.dogcat,10582
10583.dogcat,TRUE,.dogcat,10583
10584.dogcat,TRUE,.dogcat,10584
10585.dogcat,FALSE,.dogcat,10585
10586.dogcat,FALSE,.dogcat,10586
10587.dogcat,TRUE,.dogcat,10587
10588.dogcat,TRUE,.dogcat,10588
10589.dogcat,FALSE,.dogcat,10589
10590.dogcat,FALSE,.dogcat,10590
10591.dogcat,TRUE,.dogcat,10591
10592.dogcat,FALSE,.dogcat,10592
10593.dogcat,TRUE,.dogcat,10593
10594.dogcat,TRUE,.dogcat,10594
10595.dogcat,TRUE,.dogcat,10595
10596.dogcat,FALSE,.dogcat,10596
10597.dogcat,FALSE,.dogcat,10597
10598.dogcat,TRUE,.dogcat,10598
10599.dogcat,TRUE,.dogcat,10599
10600.dogcat,TRUE,.dogcat,10600
10601.dogcat,TRUE,.dogcat,10601
10602.dogcat,TRUE,.dogcat,10602
10603.dogcat,FALSE,.dogcat,10603
10604.dogcat,FALSE,.dogcat,10604
10605.dogcat,FALSE,.dogcat,10605
10606.dogcat,TRUE,.dogcat,10606
10607.dogcat,FALSE,.dogcat,10607
10608.dogcat,TRUE,.dogcat,10608
10609.dogcat,TRUE,.dogcat,10609
10610.dogcat,TRUE,.dogcat,10610
10611.dogcat,FALSE,.dogcat,10611
10612.dogcat,TRUE,.dogcat,10612
10613.dogcat,FALSE,.dogcat,10613
10614.dogcat,FALSE,.dogcat,10614
10615.dogcat,FALSE,.dogcat,10615
10616.dogcat,TRUE,.dogcat,10616
10617.dogcat,FALSE,.dogcat,10617
10618.dogcat,FALSE,.dogcat,10618
10619.dogcat,FALSE,.dogcat,10619
10620.dogcat,TRUE,.dogcat,10620
10621.dogcat,FALSE,.dogcat,10621
10622.dogcat,TRUE,.dogcat,10622
10623.dogcat,FALSE,.dogcat,10623
10624.dogcat,FALSE,.dogcat,10624
10625.dogcat,TRUE,.dogcat,10625
10626.dogcat,FALSE,.dogcat,10626
10627.dogcat,FALSE,.dogcat,10627
10628.dogcat,FALSE,.dogcat,10628
10629.dogcat,TRUE,.dogcat,10629
10630.dogcat,FALSE,.dogcat,10630
10631.dogcat,FALSE,.dogcat,10631
10632.dogcat,TRUE,.dogcat,10632
10633.dogcat,TRUE,.dogcat,10633
10634.dogcat,FALSE,.dogcat,10634
10635.dogcat,FALSE,.dogcat,10635
10636.dogcat,TRUE,.dogcat,10636
10637.dogcat,FALSE,.dogcat,10637
10638.dogcat,FALSE,.dogcat,10638
10639.dogcat,TRUE,.dogcat,10639
10640.dogcat,TRUE,.dogcat,10640
10641.dogcat,TRUE,.dogcat,10641
10642.dogcat,TRUE,.dogcat,10642
10643.dogcat,FALSE,.dogcat,10643
10644.dogcat,TRUE,.dogcat,10644
10645.dogcat,TRUE,.dogcat,10645
10646.dogcat,TRUE,.dogcat,10646
10647.dogcat,FALSE,.dogcat,10647
10648.dogcat,TRUE,.dogcat,10648
10649.dogcat,FALSE,.dogcat,10649
10650.dogcat,FALSE,.dogcat,10650
10651.dogcat,TRUE,.dogcat,10651
10652.dogcat,FALSE,.dogcat,10652
10653.dogcat,FALSE,.dogcat,10653
10654.dogcat,FALSE,.dogcat,10654
10655.dogcat,FALSE,.dogcat,10655
10656.dogcat,TRUE,.dogcat,10656
10657.dogcat,FALSE,.dogcat,10657
10658.dogcat,TRUE,.dogcat,10658
10659.dogcat,TRUE,.dogcat,10659
10660.dogcat,FALSE,.dogcat,10660
10661.dogcat,TRUE,.dogcat,10661
10662.dogcat,TRUE,.dogcat,10662
10663.dogcat,TRUE,.dogcat,10663
10664.dogcat,FALSE,.dogcat,10664
10665.dogcat,FALSE,.dogcat,10665
10666.dogcat,TRUE,.dogcat,10666
10667.dogcat,TRUE,.dogcat,10667
10668.dogcat,FALSE,.dogcat,10668
10669.dogcat,FALSE,.dogcat,10669
10670.dogcat,FALSE,.dogcat,10670
10671.dogcat,FALSE,.dogcat,10671
10672.dogcat,FALSE,.dogcat,10672
10673.dogcat,TRUE,.dogcat,10673
10674.dogcat,FALSE,.dogcat,10674
10675.dogcat,FALSE,.dogcat,10675
10676.dogcat,FALSE,.dogcat,10676
10677.dogcat,FALSE,.dogcat,10677
10678.dogcat,FALSE,.dogcat,10678
10679.dogcat,FALSE,.dogcat,10679
10680.dogcat,TRUE,.dogcat,10680
10681.dogcat,FALSE,.dogcat,10681
10682.dogcat,FALSE,.dogcat,10682
10683.dogcat,TRUE,.dogcat,10683
10684.dogcat,TRUE,.dogcat,10684
10685.dogcat,FALSE,.dogcat,10685
10686.dogcat,FALSE,.dogcat,10686
10687.dogcat,FALSE,.dogcat,10687
10688.dogcat,TRUE,.dogcat,10688
10689.dogcat,TRUE,.dogcat,10689
10690.dogcat,FALSE,.dogcat,10690
10691.dogcat,FALSE,.dogcat,10691
10692.dogcat,TRUE,.dogcat,10692
10693.dogcat,FALSE,.dogcat,10693
10694.dogcat,FALSE,.dogcat,10694
10695.dogcat,TRUE,.dogcat,10695
10696.dogcat,TRUE,.dogcat,10696
10697.dogcat,TRUE,.dogcat,10697
10698.dogcat,FALSE,.dogcat,10698
10699.dogcat,TRUE,.dogcat,10699
10700.dogcat,FALSE,.dogcat,10700
10701.dogcat,TRUE,.dogcat,10701
10702.dogcat,TRUE,.dogcat,10702
10703.dogcat,FALSE,.dogcat,10703
10704.dogcat,FALSE,.dogcat,10704
10705.dogcat,TRUE,.dogcat,10705
10706.dogcat,TRUE,.dogcat,10706
10707.dogcat,TRUE,.dogcat,10707
10708.dogcat,FALSE,.dogcat,10708
10709.dogcat,TRUE,.dogcat,10709
10710.dogcat,TRUE,.dogcat,10710
10711.dogcat,FALSE,.dogcat,10711
10712.dogcat,TRUE,.dogcat,10712
10713.dogcat,FALSE,.dogcat,10713
10714.dogcat,TRUE,.dogcat,10714
10715.dogcat,TRUE,.dogcat,10715
10716.dogcat,FALSE,.dogcat,10716
10717.dogcat,TRUE,.dogcat,10717
10718.dogcat,FALSE,.dogcat,10718
10719.dogcat,TRUE,.dogcat,10719
10720.dogcat,TRUE,.dogcat,10720
10721.dogcat,FALSE,.dogcat,10721
10722.dogcat,FALSE,.dogcat,10722
10723.dogcat,TRUE,.dogcat,10723
10724.dogcat,TRUE,.dogcat,10724
10725.dogcat,TRUE,.dogcat,10725
10726.dogcat,FALSE,.dogcat,10726
10727.dogcat,FALSE,.dogcat,10727
10728.dogcat,FALSE,.dogcat,10728
10729.dogcat,FALSE,.dogcat,10729
10730.dogcat,TRUE,.dogcat,10730
10731.dogcat,TRUE,.dogcat,10731
10732.dogcat,FALSE,.dogcat,10732
10733.dogcat,TRUE,.dogcat,10733
10734.dogcat,FALSE,.dogcat,10734
10735.dogcat,FALSE,.dogcat,10735
10736.dogcat,TRUE,.dogcat,10736
10737.dogcat,FALSE,.dogcat,10737
10738.dogcat,TRUE,.dogcat,10738
10739.dogcat,TRUE,.dogcat,10739
10740.dogcat,FALSE,.dogcat,10740
10741.dogcat,FALSE,.dogcat,10741
10742.dogcat,TRUE,.dogcat,10742
10743.dogcat,TRUE,.dogcat,10743
10744.dogcat,TRUE,.dogcat,10744
10745.dogcat,FALSE,.dogcat,10745
10746.dogcat,FALSE,.dogcat,10746
10747.dogcat,FALSE,.dogcat,10747
10748.dogcat,FALSE,.dogcat,10748
10749.dogcat,FALSE,.dogcat,10749
10750.dogcat,TRUE,.dogcat,10750
10751.dogcat,FALSE,.dogcat,10751
10752.dogcat,TRUE,.dogcat,10752
10753.dogcat,TRUE,.dogcat,10753
10754.dogcat,FALSE,.dogcat,10754
10755.dogcat,TRUE,.dogcat,10755
10756.dogcat,TRUE,.dogcat,10756
10757.dogcat,FALSE,.dogcat,10757
10758.dogcat,TRUE,.dogcat,10758
10759.dogcat,FALSE,.dogcat,10759
10760.dogcat,FALSE,.dogcat,10760
10761.dogcat,FALSE,.dogcat,10761
10762.dogcat,FALSE,.dogcat,10762
10763.dogcat,FALSE,.dogcat,10763
10764.dogcat,FALSE,.dogcat,10764
10765.dogcat,TRUE,.dogcat,10765
10766.dogcat,TRUE,.dogcat,10766
10767.dogcat,TRUE,.dogcat,10767
10768.dogcat,TRUE,.dogcat,10768
10769.dogcat,TRUE,.dogcat,10769
10770.dogcat,TRUE,.dogcat,10770
10771.dogcat,TRUE,.dogcat,10771
10772.dogcat,TRUE,.dogcat,10772
10773.dogcat,TRUE,.dogcat,10773
10774.dogcat,FALSE,.dogcat,10774
10775.dogcat,FALSE,.dogcat,10775
10776.dogcat,FALSE,.dogcat,10776
10777.dogcat,TRUE,.dogcat,10777
10778.dogcat,FALSE,.dogcat,10778
10779.dogcat,FALSE,.dogcat,10779
10780.dogcat,FALSE,.dogcat,10780
10781.dogcat,FALSE,.dogcat,10781
10782.dogcat,TRUE,.dogcat,10782
10783.dogcat,FALSE,.dogcat,10783
10784.dogcat,FALSE,.dogcat,10784
10785.dogcat,TRUE,.dogcat,10785
10786.dogcat,FALSE,.dogcat,10786
10787.dogcat,TRUE,.dogcat,10787
10788.dogcat,TRUE,.dogcat,10788
10789.dogcat,FALSE,.dogcat,10789
10790.dogcat,FALSE,.dogcat,10790
10791.dogcat,FALSE,.dogcat,10791
10792.dogcat,FALSE,.dogcat,10792
10793.dogcat,FALSE,.dogcat,10793
10794.dogcat,TRUE,.dogcat,10794
10795.dogcat,TRUE,.dogcat,10795
10796.dogcat,FALSE,.dogcat,10796
10797.dogcat,FALSE,.dogcat,10797
10798.dogcat,TRUE,.dogcat,10798
10799.dogcat,FALSE,.dogcat,10799
10800.dogcat,FALSE,.dogcat,10800
10801.dogcat,TRUE,.dogcat,10801
10802.dogcat,FALSE,.dogcat,10802
10803.dogcat,FALSE,.dogcat,10803
10804.dogcat,TRUE,.dogcat,10804
10805.dogcat,FALSE,.dogcat,10805
10806.dogcat,TRUE,.dogcat,10806
10807.dogcat,FALSE,.dogcat,10807
10808.dogcat,TRUE,.dogcat,10808
10809.dogcat,FALSE,.dogcat,10809
10810.dogcat,FALSE,.dogcat,10810
10811.dogcat,TRUE,.dogcat,10811
10812.dogcat,FALSE,.dogcat,10812
10813.dogcat,FALSE,.dogcat,10813
10814.dogcat,FALSE,.dogcat,10814
10815.dogcat,TRUE,.dogcat,10815
10816.dogcat,FALSE,.dogcat,10816
10817.dogcat,FALSE,.dogcat,10817
10818.dogcat,FALSE,.dogcat,10818
10819.dogcat,FALSE,.dogcat,10819
10820.dogcat,TRUE,.dogcat,10820
10821.dogcat,TRUE,.dogcat,10821
10822.dogcat,FALSE,.dogcat,10822
10823.dogcat,FALSE,.dogcat,10823
10824.dogcat,FALSE,.dogcat,10824
10825.dogcat,TRUE,.dogcat,10825
10826.dogcat,TRUE,.dogcat,10826
10827.dogcat,FALSE,.dogcat,10827
10828.dogcat,FALSE,.dogcat,10828
10829.dogcat,TRUE,.dogcat,10829
10830.dogcat,FALSE,.dogcat,10830
10831.dogcat,TRUE,.dogcat,10831
10832.dogcat,TRUE,.dogcat,10832
10833.dogcat,FALSE,.dogcat,10833
10834.dogcat,FALSE,.dogcat,10834
10835.dogcat,FALSE,.dogcat,10835
10836.dogcat,TRUE,.dogcat,10836
10837.dogcat,FALSE,.dogcat,10837
10838.dogcat,TRUE,.dogcat,10838
10839.dogcat,FALSE,.dogcat,10839
10840.dogcat,FALSE,.dogcat,10840
10841.dogcat,FALSE,.dogcat,10841
10842.dogcat,FALSE,.dogcat,10842
10843.dogcat,FALSE,.dogcat,10843
10844.dogcat,TRUE,.dogcat,10844
10845.dogcat,TRUE,.dogcat,10845
10846.dogcat,FALSE,.dogcat,10846
10847.dogcat,TRUE,.dogcat,10847
10848.dogcat,TRUE,.dogcat,10848
10849.dogcat,FALSE,.dogcat,10849
10850.dogcat,FALSE,.dogcat,10850
10851.dogcat,TRUE,.dogcat,10851
10852.dogcat,TRUE,.dogcat,10852
10853.dogcat,TRUE,.dogcat,10853
10854.dogcat,TRUE,.dogcat,10854
10855.dogcat,TRUE,.dogcat,10855
10856.dogcat,FALSE,.dogcat,10856
10857.dogcat,TRUE,.dogcat,10857
10858.dogcat,TRUE,.dogcat,10858
10859.dogcat,TRUE,.dogcat,10859
10860.dogcat,FALSE,.dogcat,10860
10861.dogcat,TRUE,.dogcat,10861
10862.dogcat,FALSE,.dogcat,10862
10863.dogcat,TRUE,.dogcat,10863
10864.dogcat,TRUE,.dogcat,10864
10865.dogcat,FALSE,.dogcat,10865
10866.dogcat,TRUE,.dogcat,10866
10867.dogcat,FALSE,.dogcat,10867
10868.dogcat,FALSE,.dogcat,10868
10869.dogcat,TRUE,.dogcat,10869
10870.dogcat,FALSE,.dogcat,10870
10871.dogcat,FALSE,.dogcat,10871
10872.dogcat,TRUE,.dogcat,10872
10873.dogcat,FALSE,.dogcat,10873
10874.dogcat,FALSE,.dogcat,10874
10875.dogcat,TRUE,.dogcat,10875
10876.dogcat,TRUE,.dogcat,10876
10877.dogcat,FALSE,.dogcat,10877
10878.dogcat,FALSE,.dogcat,10878
10879.dogcat,TRUE,.dogcat,10879
10880.dogcat,FALSE,.dogcat,10880
10881.dogcat,TRUE,.dogcat,10881
10882.dogcat,TRUE,.dogcat,10882
10883.dogcat,TRUE,.dogcat,10883
10884.dogcat,FALSE,.dogcat,10884
10885.dogcat,FALSE,.dogcat,10885
10886.dogcat,FALSE,.dogcat,10886
10887.dogcat,FALSE,.dogcat,10887
10888.dogcat,TRUE,.dogcat,10888
10889.dogcat,FALSE,.dogcat,10889
10890.dogcat,FALSE,.dogcat,10890
10891.dogcat,FALSE,.dogcat,10891
10892.dogcat,TRUE,.dogcat,10892
10893.dogcat,FALSE,.dogcat,10893
10894.dogcat,FALSE,.dogcat,10894
10895.dogcat,TRUE,.dogcat,10895
10896.dogcat,TRUE,.dogcat,10896
10897.dogcat,TRUE,.dogcat,10897
10898.dogcat,TRUE,.dogcat,10898
10899.dogcat,TRUE,.dogcat,10899
10900.dogcat,TRUE,.dogcat,10900
10901.dogcat,FALSE,.dogcat,10901
10902.dogcat,TRUE,.dogcat,10902
10903.dogcat,TRUE,.dogcat,10903
10904.dogcat,TRUE,.dogcat,10904
10905.dogcat,TRUE,.dogcat,10905
10906.dogcat,FALSE,.dogcat,10906
10907.dogcat,TRUE,.dogcat,10907
10908.dogcat,FALSE,.dogcat,10908
10909.dogcat,TRUE,.dogcat,10909
10910.dogcat,FALSE,.dogcat,10910
10911.dogcat,TRUE,.dogcat,10911
10912.dogcat,TRUE,.dogcat,10912
10913.dogcat,FALSE,.dogcat,10913
10914.dogcat,TRUE,.dogcat,10914
10915.dogcat,FALSE,.dogcat,10915
10916.dogcat,TRUE,.dogcat,10916
10917.dogcat,FALSE,.dogcat,10917
10918.dogcat,FALSE,.dogcat,10918
10919.dogcat,TRUE,.dogcat,10919
10920.dogcat,TRUE,.dogcat,10920
10921.dogcat,FALSE,.dogcat,10921
10922.dogcat,FALSE,.dogcat,10922
10923.dogcat,FALSE,.dogcat,10923
10924.dogcat,TRUE,.dogcat,10924
10925.dogcat,TRUE,.dogcat,10925
10926.dogcat,TRUE,.dogcat,10926
10927.dogcat,FALSE,.dogcat,10927
10928.dogcat,FALSE,.dogcat,10928
10929.dogcat,TRUE,.dogcat,10929
10930.dogcat,TRUE,.dogcat,10930
10931.dogcat,FALSE,.dogcat,10931
10932.dogcat,TRUE,.dogcat,10932
10933.dogcat,FALSE,.dogcat,10933
10934.dogcat,FALSE,.dogcat,10934
10935.dogcat,TRUE,.dogcat,10935
10936.dogcat,TRUE,.dogcat,10936
10937.dogcat,TRUE,.dogcat,10937
10938.dogcat,FALSE,.dogcat,10938
10939.dogcat,FALSE,.dogcat,10939
10940.dogcat,TRUE,.dogcat,10940
10941.dogcat,FALSE,.dogcat,10941
10942.dogcat,FALSE,.dogcat,10942
10943.dogcat,FALSE,.dogcat,10943
10944.dogcat,FALSE,.dogcat,10944
10945.dogcat,FALSE,.dogcat,10945
10946.dogcat,TRUE,.dogcat,10946
10947.dogcat,FALSE,.dogcat,10947
10948.dogcat,TRUE,.dogcat,10948
10949.dogcat,FALSE,.dogcat,10949
10950.dogcat,FALSE,.dogcat,10950
10951.dogcat,TRUE,.dogcat,10951
10952.dogcat,TRUE,.dogcat,10952
10953.dogcat,FALSE,.dogcat,10953
10954.dogcat,TRUE,.dogcat,10954
10955.dogcat,FALSE,.dogcat,10955
10956.dogcat,FALSE,.dogcat,10956
10957.dogcat,TRUE,.dogcat,10957
10958.dogcat,FALSE,.dogcat,10958
10959.dogcat,TRUE,.dogcat,10959
10960.dogcat,FALSE,.dogcat,10960
10961.dogcat,TRUE,.dogcat,10961
10962.dogcat,TRUE,.dogcat,10962
10963.dogcat,TRUE,.dogcat,10963
10964.dogcat,FALSE,.dogcat,10964
10965.dogcat,FALSE,.dogcat,10965
10966.dogcat,TRUE,.dogcat,10966
10967.dogcat,FALSE,.dogcat,10967
10968.dogcat,TRUE,.dogcat,10968
10969.dogcat,FALSE,.dogcat,10969
10970.dogcat,FALSE,.dogcat,10970
10971.dogcat,FALSE,.dogcat,10971
10972.dogcat,FALSE,.dogcat,10972
10973.dogcat,TRUE,.dogcat,10973
10974.dogcat,TRUE,.dogcat,10974
10975.dogcat,FALSE,.dogcat,10975
10976.dogcat,TRUE,.dogcat,10976
10977.dogcat,FALSE,.dogcat,10977
10978.dogcat,FALSE,.dogcat,10978
10979.dogcat,TRUE,.dogcat,10979
10980.dogcat,FALSE,.dogcat,10980
10981.dogcat,TRUE,.dogcat,10981
10982.dogcat,TRUE,.dogcat,10982
10983.dogcat,TRUE,.dogcat,10983
10984.dogcat,TRUE,.dogcat,10984
10985.dogcat,TRUE,.dogcat,10985
10986.dogcat,FALSE,.dogcat,10986
10987.dogcat,FALSE,.dogcat,10987
10988.dogcat,FALSE,.dogcat,10988
10989.dogcat,FALSE,.dogcat,10989
10990.dogcat,TRUE,.dogcat,10990
10991.dogcat,FALSE,.dogcat,10991
10992.dogcat,FALSE,.dogcat,10992
10993.dogcat,TRUE,.dogcat,10993
10994.dogcat,TRUE,.dogcat,10994
10995.dogcat,FALSE,.dogcat,10995
10996.dogcat,TRUE,.dogcat,10996
10997.dogcat,FALSE,.dogcat,10997
10998.dogcat,TRUE,.dogcat,10998
10999.dogcat,FALSE,.dogcat,10999
11000.dogcat,TRUE,.dogcat,11000
11001.dogcat,TRUE,.dogcat,11001
11002.dogcat,TRUE,.dogcat,11002
11003.dogcat,FALSE,.dogcat,11003
11004.dogcat,FALSE,.dogcat,11004
11005.dogcat,TRUE,.dogcat,11005
11006.dogcat,TRUE,.dogcat,11006
11007.dogcat,TRUE,.dogcat,11007
11008.dogcat,FALSE,.dogcat,11008
11009.dogcat,FALSE,.dogcat,11009
11010.dogcat,TRUE,.dogcat,11010
11011.dogcat,TRUE,.dogcat,11011
11012.dogcat,TRUE,.dogcat,11012
11013.dogcat,TRUE,.dogcat,11013
11014.dogcat,TRUE,.dogcat,11014
11015.dogcat,TRUE,.dogcat,11015
11016.dogcat,TRUE,.dogcat,11016
11017.dogcat,FALSE,.dogcat,11017
11018.dogcat,FALSE,.dogcat,11018
11019.dogcat,TRUE,.dogcat,11019
11020.dogcat,TRUE,.dogcat,11020
11021.dogcat,TRUE,.dogcat,11021
11022.dogcat,FALSE,.dogcat,11022
11023.dogcat,TRUE,.dogcat,11023
11024.dogcat,TRUE,.dogcat,11024
11025.dogcat,FALSE,.dogcat,11025
11026.dogcat,FALSE,.dogcat,11026
11027.dogcat,TRUE,.dogcat,11027
11028.dogcat,FALSE,.dogcat,11028
11029.dogcat,TRUE,.dogcat,11029
11030.dogcat,TRUE,.dogcat,11030
11031.dogcat,FALSE,.dogcat,11031
11032.dogcat,FALSE,.dogcat,11032
11033.dogcat,TRUE,.dogcat,11033
11034.dogcat,TRUE,.dogcat,11034
11035.dogcat,TRUE,.dogcat,11035
11036.dogcat,TRUE,.dogcat,11036
11037.dogcat,TRUE,.dogcat,11037
11038.dogcat,FALSE,.dogcat,11038
11039.dogcat,FALSE,.dogcat,11039
11040.dogcat,FALSE,.dogcat,11040
11041.dogcat,TRUE,.dogcat,11041
11042.dogcat,FALSE,.dogcat,11042
11043.dogcat,TRUE,.dogcat,11043
11044.dogcat,TRUE,.dogcat,11044
11045.dogcat,FALSE,.dogcat,11045
11046.dogcat,TRUE,.dogcat,11046
11047.dogcat,TRUE,.dogcat,11047
11048.dogcat,TRUE,.dogcat,11048
11049.dogcat,FALSE,.dogcat,11049
11050.dogcat,TRUE,.dogcat,11050
11051.dogcat,TRUE,.dogcat,11051
11052.dogcat,FALSE,.dogcat,11052
11053.dogcat,TRUE,.dogcat,11053
11054.dogcat,TRUE,.dogcat,11054
11055.dogcat,FALSE,.dogcat,11055
11056.dogcat,FALSE,.dogcat,11056
11057.dogcat,TRUE,.dogcat,11057
11058.dogcat,FALSE,.dogcat,11058
11059.dogcat,FALSE,.dogcat,11059
11060.dogcat,FALSE,.dogcat,11060
11061.dogcat,FALSE,.dogcat,11061
11062.dogcat,TRUE,.dogcat,11062
11063.dogcat,TRUE,.dogcat,11063
11064.dogcat,FALSE,.dogcat,11064
11065.dogcat,TRUE,.dogcat,11065
11066.dogcat,TRUE,.dogcat,11066
11067.dogcat,FALSE,.dogcat,11067
11068.dogcat,FALSE,.dogcat,11068
11069.dogcat,TRUE,.dogcat,11069
11070.dogcat,TRUE,.dogcat,11070
11071.dogcat,TRUE,.dogcat,11071
11072.dogcat,FALSE,.dogcat,11072
11073.dogcat,FALSE,.dogcat,11073
11074.dogcat,FALSE,.dogcat,11074
11075.dogcat,FALSE,.dogcat,11075
11076.dogcat,FALSE,.dogcat,11076
11077.dogcat,FALSE,.dogcat,11077
11078.dogcat,FALSE,.dogcat,11078
11079.dogcat,TRUE,.dogcat,11079
11080.dogcat,TRUE,.dogcat,11080
11081.dogcat,TRUE,.dogcat,11081
11082.dogcat,FALSE,.dogcat,11082
11083.dogcat,TRUE,.dogcat,11083
11084.dogcat,TRUE,.dogcat,11084
11085.dogcat,TRUE,.dogcat,11085
11086.dogcat,FALSE,.dogcat,11086
11087.dogcat,FALSE,.dogcat,11087
11088.dogcat,FALSE,.dogcat,11088
11089.dogcat,TRUE,.dogcat,11089
11090.dogcat,TRUE,.dogcat,11090
11091.dogcat,FALSE,.dogcat,11091
11092.dogcat,TRUE,.dogcat,11092
11093.dogcat,TRUE,.dogcat,11093
11094.dogcat,FALSE,.dogcat,11094
11095.dogcat,TRUE,.dogcat,11095
11096.dogcat,TRUE,.dogcat,11096
11097.dogcat,TRUE,.dogcat,11097
11098.dogcat,FALSE,.dogcat,11098
11099.dogcat,FALSE,.dogcat,11099
11100.dogcat,TRUE,.dogcat,11100
11101.dogcat,TRUE,.dogcat,11101
11102.dogcat,FALSE,.dogcat,11102
11103.dogcat,FALSE,.dogcat,11103
11104.dogcat,TRUE,.dogcat,11104
11105.dogcat,FALSE,.dogcat,11105
11106.dogcat,FALSE,.dogcat,11106
11107.dogcat,TRUE,.dogcat,11107
11108.dogcat,FALSE,.dogcat,11108
11109.dogcat,FALSE,.dogcat,11109
11110.dogcat,FALSE,.dogcat,11110
11111.dogcat,TRUE,.dogcat,11111
11112.dogcat,TRUE,.dogcat,11112
11113.dogcat,FALSE,.dogcat,11113
11114.dogcat,TRUE,.dogcat,11114
11115.dogcat,FALSE,.dogcat,11115
11116.dogcat,TRUE,.dogcat,11116
11117.dogcat,TRUE,.dogcat,11117
11118.dogcat,FALSE,.dogcat,11118
11119.dogcat,FALSE,.dogcat,11119
11120.dogcat,FALSE,.dogcat,11120
11121.dogcat,FALSE,.dogcat,11121
11122.dogcat,FALSE,.dogcat,11122
11123.dogcat,TRUE,.dogcat,11123
11124.dogcat,FALSE,.dogcat,11124
11125.dogcat,TRUE,.dogcat,11125
11126.dogcat,TRUE,.dogcat,11126
11127.dogcat,FALSE,.dogcat,11127
11128.dogcat,TRUE,.dogcat,11128
11129.dogcat,FALSE,.dogcat,11129
11130.dogcat,FALSE,.dogcat,11130
11131.dogcat,FALSE,.dogcat,11131
11132.dogcat,TRUE,.dogcat,11132
11133.dogcat,TRUE,.dogcat,11133
11134.dogcat,TRUE,.dogcat,11134
11135.dogcat,FALSE,.dogcat,11135
11136.dogcat,FALSE,.dogcat,11136
11137.dogcat,FALSE,.dogcat,11137
11138.dogcat,TRUE,.dogcat,11138
11139.dogcat,TRUE,.dogcat,11139
11140.dogcat,TRUE,.dogcat,11140
11141.dogcat,TRUE,.dogcat,11141
11142.dogcat,FALSE,.dogcat,11142
11143.dogcat,TRUE,.dogcat,11143
11144.dogcat,FALSE,.dogcat,11144
11145.dogcat,TRUE,.dogcat,11145
11146.dogcat,FALSE,.dogcat,11146
11147.dogcat,TRUE,.dogcat,11147
11148.dogcat,TRUE,.dogcat,11148
11149.dogcat,TRUE,.dogcat,11149
11150.dogcat,FALSE,.dogcat,11150
11151.dogcat,TRUE,.dogcat,11151
11152.dogcat,TRUE,.dogcat,11152
11153.dogcat,TRUE,.dogcat,11153
11154.dogcat,TRUE,.dogcat,11154
11155.dogcat,TRUE,.dogcat,11155
11156.dogcat,FALSE,.dogcat,11156
11157.dogcat,TRUE,.dogcat,11157
11158.dogcat,FALSE,.dogcat,11158
11159.dogcat,TRUE,.dogcat,11159
11160.dogcat,FALSE,.dogcat,11160
11161.dogcat,FALSE,.dogcat,11161
11162.dogcat,FALSE,.dogcat,11162
11163.dogcat,FALSE,.dogcat,11163
11164.dogcat,TRUE,.dogcat,11164
11165.dogcat,TRUE,.dogcat,11165
11166.dogcat,FALSE,.dogcat,11166
11167.dogcat,FALSE,.dogcat,11167
11168.dogcat,FALSE,.dogcat,11168
11169.dogcat,TRUE,.dogcat,11169
11170.dogcat,TRUE,.dogcat,11170
11171.dogcat,FALSE,.dogcat,11171
11172.dogcat,FALSE,.dogcat,11172
11173.dogcat,TRUE,.dogcat,11173
11174.dogcat,TRUE,.dogcat,11174
11175.dogcat,TRUE,.dogcat,11175
11176.dogcat,TRUE,.dogcat,11176
11177.dogcat,FALSE,.dogcat,11177
11178.dogcat,TRUE,.dogcat,11178
11179.dogcat,FALSE,.dogcat,11179
11180.dogcat,TRUE,.dogcat,11180
11181.dogcat,TRUE,.dogcat,11181
11182.dogcat,TRUE,.dogcat,11182
11183.dogcat,FALSE,.dogcat,11183
11184.dogcat,FALSE,.dogcat,11184
11185.dogcat,FALSE,.dogcat,11185
11186.dogcat,FALSE,.dogcat,11186
11187.dogcat,FALSE,.dogcat,11187
11188.dogcat,TRUE,.dogcat,11188
11189.dogcat,TRUE,.dogcat,11189
11190.dogcat,FALSE,.dogcat,11190
11191.dogcat,TRUE,.dogcat,11191
11192.dogcat,FALSE,.dogcat,11192
11193.dogcat,TRUE,.dogcat,11193
11194.dogcat,TRUE,.dogcat,11194
11195.dogcat,TRUE,.dogcat,11195
11196.dogcat,FALSE,.dogcat,11196
11197.dogcat,FALSE,.dogcat,11197
11198.dogcat,FALSE,.dogcat,11198
11199.dogcat,FALSE,.dogcat,11199
11200.dogcat,FALSE,.dogcat,11200
11201.dogcat,TRUE,.dogcat,11201
11202.dogcat,TRUE,.dogcat,11202
11203.dogcat,FALSE,.dogcat,11203
11204.dogcat,TRUE,.dogcat,11204
11205.dogcat,TRUE,.dogcat,11205
11206.dogcat,FALSE,.dogcat,11206
11207.dogcat,FALSE,.dogcat,11207
11208.dogcat,TRUE,.dogcat,11208
11209.dogcat,FALSE,.dogcat,11209
11210.dogcat,TRUE,.dogcat,11210
11211.dogcat,TRUE,.dogcat,11211
11212.dogcat,TRUE,.dogcat,11212
11213.dogcat,TRUE,.dogcat,11213
11214.dogcat,FALSE,.dogcat,11214
11215.dogcat,FALSE,.dogcat,11215
11216.dogcat,FALSE,.dogcat,11216
11217.dogcat,TRUE,.dogcat,11217
11218.dogcat,TRUE,.dogcat,11218
11219.dogcat,FALSE,.dogcat,11219
11220.dogcat,FALSE,.dogcat,11220
11221.dogcat,FALSE,.dogcat,11221
11222.dogcat,TRUE,.dogcat,11222
11223.dogcat,FALSE,.dogcat,11223
11224.dogcat,TRUE,.dogcat,11224
11225.dogcat,FALSE,.dogcat,11225
11226.dogcat,FALSE,.dogcat,11226
11227.dogcat,TRUE,.dogcat,11227
11228.dogcat,FALSE,.dogcat,11228
11229.dogcat,TRUE,.dogcat,11229
11230.dogcat,TRUE,.dogcat,11230
11231.dogcat,TRUE,.dogcat,11231
11232.dogcat,TRUE,.dogcat,11232
11233.dogcat,FALSE,.dogcat,11233
11234.dogcat,FALSE,.dogcat,11234
11235.dogcat,TRUE,.dogcat,11235
11236.dogcat,FALSE,.dogcat,11236
11237.dogcat,TRUE,.dogcat,11237
11238.dogcat,TRUE,.dogcat,11238
11239.dogcat,TRUE,.dogcat,11239
11240.dogcat,FALSE,.dogcat,11240
11241.dogcat,TRUE,.dogcat,11241
11242.dogcat,TRUE,.dogcat,11242
11243.dogcat,FALSE,.dogcat,11243
11244.dogcat,TRUE,.dogcat,11244
11245.dogcat,FALSE,.dogcat,11245
11246.dogcat,FALSE,.dogcat,11246
11247.dogcat,TRUE,.dogcat,11247
11248.dogcat,TRUE,.dogcat,11248
11249.dogcat,TRUE,.dogcat,11249
11250.dogcat,TRUE,.dogcat,11250
11251.dogcat,TRUE,.dogcat,11251
11252.dogcat,FALSE,.dogcat,11252
11253.dogcat,TRUE,.dogcat,11253
11254.dogcat,TRUE,.dogcat,11254
11255.dogcat,TRUE,.dogcat,11255
11256.dogcat,FALSE,.dogcat,11256
11257.dogcat,FALSE,.dogcat,11257
11258.dogcat,TRUE,.dogcat,11258
11259.dogcat,FALSE,.dogcat,11259
11260.dogcat,FALSE,.dogcat,11260
11261.dogcat,TRUE,.dogcat,11261
11262.dogcat,TRUE,.dogcat,11262
11263.dogcat,FALSE,.dogcat,11263
11264.dogcat,FALSE,.dogcat,11264
11265.dogcat,TRUE,.dogcat,11265
11266.dogcat,FALSE,.dogcat,11266
11267.dogcat,FALSE,.dogcat,11267
11268.dogcat,TRUE,.dogcat,11268
11269.dogcat,TRUE,.dogcat,11269
11270.dogcat,FALSE,.dogcat,11270
11271.dogcat,FALSE,.dogcat,11271
11272.dogcat,TRUE,.dogcat,11272
11273.dogcat,TRUE,.dogcat,11273
11274.dogcat,TRUE,.dogcat,11274
11275.dogcat,FALSE,.dogcat,11275
11276.dogcat,FALSE,.dogcat,11276
11277.dogcat,TRUE,.dogcat,11277
11278.dogcat,TRUE,.dogcat,11278
11279.dogcat,TRUE,.dogcat,11279
11280.dogcat,FALSE,.dogcat,11280
11281.dogcat,TRUE,.dogcat,11281
11282.dogcat,TRUE,.dogcat,11282
11283.dogcat,TRUE,.dogcat,11283
11284.dogcat,TRUE,.dogcat,11284
11285.dogcat,FALSE,.dogcat,11285
11286.dogcat,TRUE,.dogcat,11286
11287.dogcat,FALSE,.dogcat,11287
11288.dogcat,FALSE,.dogcat,11288
11289.dogcat,FALSE,.dogcat,11289
11290.dogcat,TRUE,.dogcat,11290
11291.dogcat,FALSE,.dogcat,11291
11292.dogcat,TRUE,.dogcat,11292
11293.dogcat,TRUE,.dogcat,11293
11294.dogcat,TRUE,.dogcat,11294
11295.dogcat,FALSE,.dogcat,11295
11296.dogcat,TRUE,.dogcat,11296
11297.dogcat,TRUE,.dogcat,11297
11298.dogcat,FALSE,.dogcat,11298
11299.dogcat,FALSE,.dogcat,11299
11300.dogcat,TRUE,.dogcat,11300
11301.dogcat,FALSE,.dogcat,11301
11302.dogcat,TRUE,.dogcat,11302
11303.dogcat,TRUE,.dogcat,11303
11304.dogcat,TRUE,.dogcat,11304
11305.dogcat,TRUE,.dogcat,11305
11306.dogcat,TRUE,.dogcat,11306
11307.dogcat,TRUE,.dogcat,11307
11308.dogcat,TRUE,.dogcat,11308
11309.dogcat,TRUE,.dogcat,11309
11310.dogcat,TRUE,.dogcat,11310
11311.dogcat,TRUE,.dogcat,11311
11312.dogcat,TRUE,.dogcat,11312
11313.dogcat,FALSE,.dogcat,11313
11314.dogcat,TRUE,.dogcat,11314
11315.dogcat,FALSE,.dogcat,11315
11316.dogcat,TRUE,.dogcat,11316
11317.dogcat,FALSE,.dogcat,11317
11318.dogcat,FALSE,.dogcat,11318
11319.dogcat,TRUE,.dogcat,11319
11320.dogcat,TRUE,.dogcat,11320
11321.dogcat,TRUE,.dogcat,11321
11322.dogcat,TRUE,.dogcat,11322
11323.dogcat,FALSE,.dogcat,11323
11324.dogcat,FALSE,.dogcat,11324
11325.dogcat,FALSE,.dogcat,11325
11326.dogcat,TRUE,.dogcat,11326
11327.dogcat,TRUE,.dogcat,11327
11328.dogcat,FALSE,.dogcat,11328
11329.dogcat,TRUE,.dogcat,11329
11330.dogcat,FALSE,.dogcat,11330
11331.dogcat,TRUE,.dogcat,11331
11332.dogcat,TRUE,.dogcat,11332
11333.dogcat,TRUE,.dogcat,11333
11334.dogcat,TRUE,.dogcat,11334
11335.dogcat,TRUE,.dogcat,11335
11336.dogcat,FALSE,.dogcat,11336
11337.dogcat,TRUE,.dogcat,11337
11338.dogcat,FALSE,.dogcat,11338
11339.dogcat,TRUE,.dogcat,11339
11340.dogcat,TRUE,.dogcat,11340
11341.dogcat,TRUE,.dogcat,11341
11342.dogcat,FALSE,.dogcat,11342
11343.dogcat,TRUE,.dogcat,11343
11344.dogcat,TRUE,.dogcat,11344
11345.dogcat,FALSE,.dogcat,11345
11346.dogcat,TRUE,.dogcat,11346
11347.dogcat,TRUE,.dogcat,11347
11348.dogcat,TRUE,.dogcat,11348
11349.dogcat,TRUE,.dogcat,11349
11350.dogcat,FALSE,.dogcat,11350
11351.dogcat,FALSE,.dogcat,11351
11352.dogcat,TRUE,.dogcat,11352
11353.dogcat,FALSE,.dogcat,11353
11354.dogcat,FALSE,.dogcat,11354
11355.dogcat,FALSE,.dogcat,11355
11356.dogcat,TRUE,.dogcat,11356
11357.dogcat,TRUE,.dogcat,11357
11358.dogcat,TRUE,.dogcat,11358
11359.dogcat,FALSE,.dogcat,11359
11360.dogcat,TRUE,.dogcat,11360
11361.dogcat,FALSE,.dogcat,11361
11362.dogcat,FALSE,.dogcat,11362
11363.dogcat,TRUE,.dogcat,11363
11364.dogcat,FALSE,.dogcat,11364
11365.dogcat,FALSE,.dogcat,11365
11366.dogcat,TRUE,.dogcat,11366
11367.dogcat,FALSE,.dogcat,11367
11368.dogcat,FALSE,.dogcat,11368
11369.dogcat,FALSE,.dogcat,11369
11370.dogcat,TRUE,.dogcat,11370
11371.dogcat,TRUE,.dogcat,11371
11372.dogcat,FALSE,.dogcat,11372
11373.dogcat,FALSE,.dogcat,11373
11374.dogcat,FALSE,.dogcat,11374
11375.dogcat,FALSE,.dogcat,11375
11376.dogcat,FALSE,.dogcat,11376
11377.dogcat,FALSE,.dogcat,11377
11378.dogcat,TRUE,.dogcat,11378
11379.dogcat,TRUE,.dogcat,11379
11380.dogcat,TRUE,.dogcat,11380
11381.dogcat,TRUE,.dogcat,11381
11382.dogcat,TRUE,.dogcat,11382
11383.dogcat,TRUE,.dogcat,11383
11384.dogcat,FALSE,.dogcat,11384
11385.dogcat,TRUE,.dogcat,11385
11386.dogcat,TRUE,.dogcat,11386
11387.dogcat,TRUE,.dogcat,11387
11388.dogcat,FALSE,.dogcat,11388
11389.dogcat,FALSE,.dogcat,11389
11390.dogcat,FALSE,.dogcat,11390
11391.dogcat,TRUE,.dogcat,11391
11392.dogcat,FALSE,.dogcat,11392
11393.dogcat,FALSE,.dogcat,11393
11394.dogcat,TRUE,.dogcat,11394
11395.dogcat,TRUE,.dogcat,11395
11396.dogcat,FALSE,.dogcat,11396
11397.dogcat,FALSE,.dogcat,11397
11398.dogcat,TRUE,.dogcat,11398
11399.dogcat,TRUE,.dogcat,11399
11400.dogcat,TRUE,.dogcat,11400
11401.dogcat,FALSE,.dogcat,11401
11402.dogcat,TRUE,.dogcat,11402
11403.dogcat,FALSE,.dogcat,11403
11404.dogcat,FALSE,.dogcat,11404
11405.dogcat,FALSE,.dogcat,11405
11406.dogcat,TRUE,.dogcat,11406
11407.dogcat,FALSE,.dogcat,11407
11408.dogcat,TRUE,.dogcat,11408
11409.dogcat,FALSE,.dogcat,11409
11410.dogcat,FALSE,.dogcat,11410
11411.dogcat,TRUE,.dogcat,11411
11412.dogcat,TRUE,.dogcat,11412
11413.dogcat,FALSE,.dogcat,11413
11414.dogcat,FALSE,.dogcat,11414
11415.dogcat,FALSE,.dogcat,11415
11416.dogcat,TRUE,.dogcat,11416
11417.dogcat,TRUE,.dogcat,11417
11418.dogcat,FALSE,.dogcat,11418
11419.dogcat,TRUE,.dogcat,11419
11420.dogcat,TRUE,.dogcat,11420
11421.dogcat,FALSE,.dogcat,11421
11422.dogcat,TRUE,.dogcat,11422
11423.dogcat,TRUE,.dogcat,11423
11424.dogcat,FALSE,.dogcat,11424
11425.dogcat,TRUE,.dogcat,11425
11426.dogcat,TRUE,.dogcat,11426
11427.dogcat,TRUE,.dogcat,11427
11428.dogcat,TRUE,.dogcat,11428
11429.dogcat,TRUE,.dogcat,11429
11430.dogcat,TRUE,.dogcat,11430
11431.dogcat,FALSE,.dogcat,11431
11432.dogcat,FALSE,.dogcat,11432
11433.dogcat,FALSE,.dogcat,11433
11434.dogcat,FALSE,.dogcat,11434
11435.dogcat,TRUE,.dogcat,11435
11436.dogcat,TRUE,.dogcat,11436
11437.dogcat,TRUE,.dogcat,11437
11438.dogcat,TRUE,.dogcat,11438
11439.dogcat,TRUE,.dogcat,11439
11440.dogcat,FALSE,.dogcat,11440
11441.dogcat,TRUE,.dogcat,11441
11442.dogcat,TRUE,.dogcat,11442
11443.dogcat,TRUE,.dogcat,11443
11444.dogcat,FALSE,.dogcat,11444
11445.dogcat,TRUE,.dogcat,11445
11446.dogcat,FALSE,.dogcat,11446
11447.dogcat,FALSE,.dogcat,11447
11448.dogcat,TRUE,.dogcat,11448
11449.dogcat,TRUE,.dogcat,11449
11450.dogcat,FALSE,.dogcat,11450
11451.dogcat,TRUE,.dogcat,11451
11452.dogcat,TRUE,.dogcat,11452
11453.dogcat,TRUE,.dogcat,11453
11454.dogcat,TRUE,.dogcat,11454
11455.dogcat,FALSE,.dogcat,11455
11456.dogcat,FALSE,.dogcat,11456
11457.dogcat,FALSE,.dogcat,11457
11458.dogcat,TRUE,.dogcat,11458
11459.dogcat,TRUE,.dogcat,11459
11460.dogcat,FALSE,.dogcat,11460
11461.dogcat,TRUE,.dogcat,11461
11462.dogcat,FALSE,.dogcat,11462
11463.dogcat,FALSE,.dogcat,11463
11464.dogcat,TRUE,.dogcat,11464
11465.dogcat,FALSE,.dogcat,11465
11466.dogcat,FALSE,.dogcat,11466
11467.dogcat,FALSE,.dogcat,11467
11468.dogcat,TRUE,.dogcat,11468
11469.dogcat,TRUE,.dogcat,11469
11470.dogcat,TRUE,.dogcat,11470
11471.dogcat,FALSE,.dogcat,11471
11472.dogcat,TRUE,.dogcat,11472
11473.dogcat,TRUE,.dogcat,11473
11474.dogcat,FALSE,.dogcat,11474
11475.dogcat,FALSE,.dogcat,11475
11476.dogcat,FALSE,.dogcat,11476
11477.dogcat,FALSE,.dogcat,11477
11478.dogcat,TRUE,.dogcat,11478
11479.dogcat,FALSE,.dogcat,11479
11480.dogcat,FALSE,.dogcat,11480
11481.dogcat,FALSE,.dogcat,11481
11482.dogcat,TRUE,.dogcat,11482
11483.dogcat,TRUE,.dogcat,11483
11484.dogcat,FALSE,.dogcat,11484
11485.dogcat,FALSE,.dogcat,11485
11486.dogcat,TRUE,.dogcat,11486
11487.dogcat,TRUE,.dogcat,11487
11488.dogcat,TRUE,.dogcat,11488
11489.dogcat,FALSE,.dogcat,11489
11490.dogcat,TRUE,.dogcat,11490
11491.dogcat,FALSE,.dogcat,11491
11492.dogcat,FALSE,.dogcat,11492
11493.dogcat,FALSE,.dogcat,11493
11494.dogcat,TRUE,.dogcat,11494
11495.dogcat,FALSE,.dogcat,11495
11496.dogcat,TRUE,.dogcat,11496
11497.dogcat,TRUE,.dogcat,11497
11498.dogcat,FALSE,.dogcat,11498
11499.dogcat,FALSE,.dogcat,11499
11500.dogcat,FALSE,.dogcat,11500
11501.dogcat,FALSE,.dogcat,11501
11502.dogcat,TRUE,.dogcat,11502
11503.dogcat,TRUE,.dogcat,11503
11504.dogcat,FALSE,.dogcat,11504
11505.dogcat,FALSE,.dogcat,11505
11506.dogcat,TRUE,.dogcat,11506
11507.dogcat,TRUE,.dogcat,11507
11508.dogcat,FALSE,.dogcat,11508
11509.dogcat,FALSE,.dogcat,11509
11510.dogcat,TRUE,.dogcat,11510
11511.dogcat,FALSE,.dogcat,11511
11512.dogcat,TRUE,.dogcat,11512
11513.dogcat,TRUE,.dogcat,11513
11514.dogcat,TRUE,.dogcat,11514
11515.dogcat,TRUE,.dogcat,11515
11516.dogcat,TRUE,.dogcat,11516
11517.dogcat,FALSE,.dogcat,11517
11518.dogcat,FALSE,.dogcat,11518
11519.dogcat,TRUE,.dogcat,11519
11520.dogcat,TRUE,.dogcat,11520
11521.dogcat,TRUE,.dogcat,11521
11522.dogcat,TRUE,.dogcat,11522
11523.dogcat,FALSE,.dogcat,11523
11524.dogcat,FALSE,.dogcat,11524
11525.dogcat,FALSE,.dogcat,11525
11526.dogcat,TRUE,.dogcat,11526
11527.dogcat,TRUE,.dogcat,11527
11528.dogcat,FALSE,.dogcat,11528
11529.dogcat,FALSE,.dogcat,11529
11530.dogcat,TRUE,.dogcat,11530
11531.dogcat,FALSE,.dogcat,11531
11532.dogcat,FALSE,.dogcat,11532
11533.dogcat,TRUE,.dogcat,11533
11534.dogcat,FALSE,.dogcat,11534
11535.dogcat,TRUE,.dogcat,11535
11536.dogcat,TRUE,.dogcat,11536
11537.dogcat,FALSE,.dogcat,11537
11538.dogcat,FALSE,.dogcat,11538
11539.dogcat,TRUE,.dogcat,11539
11540.dogcat,FALSE,.dogcat,11540
11541.dogcat,TRUE,.dogcat,11541
11542.dogcat,TRUE,.dogcat,11542
11543.dogcat,FALSE,.dogcat,11543
11544.dogcat,FALSE,.dogcat,11544
11545.dogcat,FALSE,.dogcat,11545
11546.dogcat,FALSE,.dogcat,11546
11547.dogcat,FALSE,.dogcat,11547
11548.dogcat,TRUE,.dogcat,11548
11549.dogcat,FALSE,.dogcat,11549
11550.dogcat,TRUE,.dogcat,11550
11551.dogcat,FALSE,.dogcat,11551
11552.dogcat,TRUE,.dogcat,11552
11553.dogcat,TRUE,.dogcat,11553
11554.dogcat,TRUE,.dogcat,11554
11555.dogcat,TRUE,.dogcat,11555
11556.dogcat,FALSE,.dogcat,11556
11557.dogcat,FALSE,.dogcat,11557
11558.dogcat,FALSE,.dogcat,11558
11559.dogcat,FALSE,.dogcat,11559
11560.dogcat,FALSE,.dogcat,11560
11561.dogcat,TRUE,.dogcat,11561
11562.dogcat,TRUE,.dogcat,11562
11563.dogcat,FALSE,.dogcat,11563
11564.dogcat,FALSE,.dogcat,11564
11565.dogcat,FALSE,.dogcat,11565
11566.dogcat,FALSE,.dogcat,11566
11567.dogcat,TRUE,.dogcat,11567
11568.dogcat,FALSE,.dogcat,11568
11569.dogcat,TRUE,.dogcat,11569
11570.dogcat,FALSE,.dogcat,11570
11571.dogcat,TRUE,.dogcat,11571
11572.dogcat,FALSE,.dogcat,11572
11573.dogcat,FALSE,.dogcat,11573
11574.dogcat,FALSE,.dogcat,11574
11575.dogcat,TRUE,.dogcat,11575
11576.dogcat,TRUE,.dogcat,11576
11577.dogcat,FALSE,.dogcat,11577
11578.dogcat,FALSE,.dogcat,11578
11579.dogcat,TRUE,.dogcat,11579
11580.dogcat,TRUE,.dogcat,11580
11581.dogcat,FALSE,.dogcat,11581
11582.dogcat,FALSE,.dogcat,11582
11583.dogcat,FALSE,.dogcat,11583
11584.dogcat,TRUE,.dogcat,11584
11585.dogcat,TRUE,.dogcat,11585
11586.dogcat,TRUE,.dogcat,11586
11587.dogcat,FALSE,.dogcat,11587
11588.dogcat,FALSE,.dogcat,11588
11589.dogcat,TRUE,.dogcat,11589
11590.dogcat,FALSE,.dogcat,11590
11591.dogcat,FALSE,.dogcat,11591
11592.dogcat,FALSE,.dogcat,11592
11593.dogcat,TRUE,.dogcat,11593
11594.dogcat,FALSE,.dogcat,11594
11595.dogcat,FALSE,.dogcat,11595
11596.dogcat,FALSE,.dogcat,11596
11597.dogcat,FALSE,.dogcat,11597
11598.dogcat,TRUE,.dogcat,11598
11599.dogcat,FALSE,.dogcat,11599
11600.dogcat,TRUE,.dogcat,11600
11601.dogcat,TRUE,.dogcat,11601
11602.dogcat,TRUE,.dogcat,11602
11603.dogcat,TRUE,.dogcat,11603
11604.dogcat,TRUE,.dogcat,11604
11605.dogcat,TRUE,.dogcat,11605
11606.dogcat,FALSE,.dogcat,11606
11607.dogcat,FALSE,.dogcat,11607
